Date,USTC,FRAX,AMPL,DAI,EOSDT,USDC,USDT,PAXG,XAUT
01-11-2021,1.001808,0.997458,1.878852,1.000939,0.995157,0.999861,1.000291,1791.763428,1795.770142
02-11-2021,1.00231,0.999233,1.86973,1.00131,0.940047,0.999896,1.000815,1791.56665,1795.850586
03-11-2021,1.00441,1.003389,1.756711,1.000819,0.816678,1.000225,1.000678,1779.253296,1787.464844
04-11-2021,1.003888,0.998294,1.520222,1.000081,1.009842,1.000206,1.000857,1793.724976,1800.415894
05-11-2021,1.003383,1.004354,1.548847,1.001021,0.891854,1.000562,1.001553,1819.751953,1824.858154
06-11-2021,1.002889,1.006035,1.492604,1.001157,1.007749,1.000345,1.001454,1819.352295,1824.779053
07-11-2021,1.003301,1.000813,1.738999,1.001763,1.002478,1.000649,1.001517,1819.772217,1823.925171
08-11-2021,1.002679,0.998855,1.735663,1.001488,0.989198,0.999828,1.000443,1827.908447,1835.90271
09-11-2021,1.003871,1.001113,1.455089,0.999491,0.864705,1.000075,1.000202,1832.244141,1840.658691
10-11-2021,1.003772,1.001243,1.183978,0.987754,0.905415,0.999523,1.000097,1852.269409,1863.515137
11-11-2021,1.004228,1.004937,0.934317,1.005354,0.949628,0.999856,1.000644,1865.524536,1880.127441
12-11-2021,1.003439,1.000003,1.02502,1.00187,0.969441,0.999296,1.000114,1869.005981,1876.064453
13-11-2021,1.007727,1.004308,0.962538,1.001349,0.973597,1.00083,1.000848,1873.739258,1875.959106
14-11-2021,1.006727,1.00072,0.892781,1.000729,0.987527,0.999647,1.000367,1872.424438,1876.13562
15-11-2021,1.004968,1.004792,0.879024,1.00016,0.901913,0.999643,1.001502,1869.060425,1870.19397
16-11-2021,1.0049,1.001305,0.809981,1.001156,0.868259,1.000425,1.000675,1858.549316,1860.654297
17-11-2021,1.003207,1.002513,0.842859,1.00307,0.980884,0.99985,1.000063,1867.307861,1878.2323
18-11-2021,1.002488,1.00656,0.773738,0.996456,0.900581,0.999696,0.99997,1859.179077,1868.93811
19-11-2021,1.002145,1.000291,0.87789,1.004833,1.003152,0.999991,1.00082,1846.729492,1859.7323
20-11-2021,1.001118,1.000458,0.837188,1.007407,1.002231,0.999699,1.000362,1842.467041,1855.922729
21-11-2021,1.001993,1.002793,0.810514,0.996937,0.970014,1.000235,1.000873,1845.209351,1854.583496
22-11-2021,1.002517,0.999998,0.778339,0.996703,0.983812,0.999962,1.000451,1811.94812,1816.7052
23-11-2021,1.000868,1.001218,0.809701,1.007526,0.988143,1.000115,1.000125,1792.428589,1791.6875
24-11-2021,1.000445,1.00144,0.869049,1.004729,0.986358,1.000707,1.000697,1799.129639,1798.026001
25-11-2021,1.002054,1.001518,1.084977,1.001664,0.994913,1.000332,0.999601,1791.500244,1793.745239
26-11-2021,1.00226,0.999607,1.123842,0.999201,0.913379,0.999843,1.000367,1795.910522,1794.328125
27-11-2021,1.001778,1.00016,1.152237,1.0004,0.992472,1.001594,1.001099,1794.458862,1796.007935
28-11-2021,1.001736,1.006366,1.16683,1.000517,0.908583,0.999875,1.000125,1793.496338,1802.720093
29-11-2021,1.001525,1.001796,1.201779,1.0047,0.958608,1.000078,1.000526,1791.392578,1801.634277
30-11-2021,1.009781,0.999294,1.385481,1.000212,0.981979,0.999456,1.000286,1776.724121,1803.46814
01-12-2021,1.003683,0.999381,1.324535,0.997985,0.966756,0.999593,1.000255,1784.495605,1803.598633
02-12-2021,1.002528,0.998461,1.279896,0.997458,0.938246,0.998839,1.000174,1770.735107,1786.000366
03-12-2021,1.001738,1.001726,1.145641,0.996616,null,1.000327,1.000617,1782.218506,1783.938721
04-12-2021,1.000632,0.998585,0.92142,1.000765,null,0.999994,1.000007,1779.20752,1780.319092
05-12-2021,1.001291,0.999238,0.941134,0.999049,null,0.998715,1.00063,1783.886719,1783.981201
06-12-2021,1.000313,1.006508,0.861293,1.009841,null,0.999526,1.001362,1783.58606,1782.158447
07-12-2021,1.003556,0.998861,0.856167,0.997269,null,1.000063,1.000972,1788.828125,1787.987915
08-12-2021,1.001878,1.00238,0.993031,1.000714,null,0.999913,0.999366,1785.869873,1787.876709
09-12-2021,1.002415,1.000721,0.944645,0.99731,null,1.000527,1.000882,1774.942871,1780.99585
10-12-2021,1.003167,0.996776,0.880932,0.998275,null,1.001216,1.00174,1787.291016,1784.414307
11-12-2021,1.001686,1.000279,0.870754,1.002637,null,1.000172,1.000556,1786.18811,1783.599487
12-12-2021,1.001691,1.000495,0.941792,1.001979,null,1.000239,1.001051,1785.006226,1784.626099
13-12-2021,1.000985,0.997373,0.861488,0.998206,null,0.99978,1.000131,1789.22876,1778.554443
14-12-2021,1.00179,1.000502,0.863221,0.999451,null,1.000195,1.000648,1776.036621,1772.486938
15-12-2021,1.000864,1.00115,0.97134,0.997665,null,1.000244,1.000402,1779.759644,1783.533203
16-12-2021,1.001535,0.997088,0.910379,0.998421,null,0.998952,1.00026,1801.194214,1791.232422
17-12-2021,1.0015,1.001182,0.908864,0.995739,0.965153,0.999806,1.000838,1803.522339,1801.322388
18-12-2021,1.000888,0.999165,0.907598,1.000875,1.046452,0.99993,1.000183,1803.586426,1798.269165
19-12-2021,1.001723,1.001444,0.896787,0.999352,0.962738,0.999883,0.999988,1803.596313,1802.865601
20-12-2021,1.001973,1.002203,0.924111,1.001571,0.99993,0.999642,0.998971,1797.57019,1801.281616
21-12-2021,1.007215,0.998687,0.962114,1.00451,1.025565,1.000066,1.000397,1794.196289,1792.465088
22-12-2021,1.001949,0.997657,0.990293,0.998874,0.987525,0.998163,1.000332,1807.686768,1800.965942
23-12-2021,1.001817,0.998634,0.968433,1.00458,0.955554,1.000219,1.000388,1816.697998,1806.945557
24-12-2021,1.002696,1.002982,0.917468,1.001566,0.881433,1.000665,1.001202,1819.149414,1807.152588
25-12-2021,1.001499,0.99992,0.951325,1.002405,1.116135,0.999856,0.999923,1815.890015,1804.36377
26-12-2021,1.00209,1.001472,0.943014,1.00076,1.120659,0.999108,1.000449,1815.052979,1803.687378
27-12-2021,1.000515,0.997084,0.960862,0.999729,0.969802,0.999582,0.999944,1817.374634,1803.467651
28-12-2021,1.002239,0.995862,0.89705,0.995608,0.99537,1.000841,1.001168,1814.299683,1808.928467
29-12-2021,1.001423,1.001651,0.875816,0.99625,1.00084,0.999463,1.000294,1812.343872,1805.080566
30-12-2021,1.001984,1.004267,0.902958,1.000632,0.953773,1.000346,1.001036,1825.786865,1816.665771
31-12-2021,1.00144,1.001874,0.902189,0.99908,0.874256,1.000039,1.000189,1833.609131,1825.829468
01-01-2022,1.000757,0.998237,0.897184,0.999859,0.997887,1.000085,1.0005,1836.606812,1831.138062
02-01-2022,1.000996,1.004921,0.897032,1.000422,0.882547,0.999765,1.00046,1835.926636,1829.807617
03-01-2022,1.002165,1.00213,0.837508,0.999749,0.999734,0.999708,1.000165,1809.311157,1807.726807
04-01-2022,1.00045,1.00152,0.860658,0.999099,0.921191,1.000585,1.000208,1816.170654,1814.127808
05-01-2022,0.999227,1.000945,0.734193,0.99993,0.96103,0.999757,1.000122,1817.994141,1812.999268
06-01-2022,1.000116,1.002877,0.77797,0.999461,0.994953,0.99956,1.000195,1798.189331,1793.124634
07-01-2022,1.000433,0.999646,0.756724,0.999558,0.995814,1.000477,1.000252,1804.817383,1798.928223
08-01-2022,0.999908,1.000566,0.727942,0.999675,0.922941,0.999512,1.000097,1799.217163,1799.077637
09-01-2022,0.99685,0.99858,0.729337,0.999714,0.931469,0.999836,1.000257,1798.555054,1797.7146
10-01-2022,0.997015,1.001535,0.709937,1.000316,1.049218,1.000381,1.000181,1806.085205,1805.555664
11-01-2022,0.99827,0.999309,0.850415,1.000297,0.894579,1.000216,1.000362,1823.639893,1822.283936
12-01-2022,0.998282,1.001803,0.886872,1.001124,0.989182,0.999799,1.00029,1833.202148,1829.927856
13-01-2022,1.000202,1.006239,0.937717,0.998932,0.968978,0.999025,1.000405,1825.422607,1824.336426
14-01-2022,0.99677,1.000421,0.943174,1.00007,1.011442,1.000034,1.000283,1827.743652,1819.095825
15-01-2022,0.999215,1.000372,0.936513,0.999393,0.979424,0.999482,1.000642,1824.599243,1819.167358
16-01-2022,0.999996,1.001903,1.036447,1.000283,0.803062,0.999692,1.000417,1825.530273,1820.389893
17-01-2022,1.000698,1.00004,1.298247,0.999888,0.965612,0.999679,1.000368,1824.005615,1825.001099
18-01-2022,0.998344,1.000294,1.097291,0.999744,0.969467,1.000105,1.00042,1820.078247,1817.445068
19-01-2022,1.002815,0.998764,1.044638,0.999598,0.850919,1.000331,1.00049,1846.56543,1842.154663
20-01-2022,1.004228,1.000197,1.047913,0.999678,0.797369,1.000412,1.000257,1843.808105,1839.757935
21-01-2022,0.999726,1.001062,0.795696,1.000291,0.772442,1.000441,1.000177,1841.040527,1835.433105
22-01-2022,0.998128,1.002143,0.853218,0.999951,0.92602,1.000032,1.000158,1841.426514,1836.302368
23-01-2022,1.00004,1.002052,0.87881,1.000553,0.877699,1.000145,1.000491,1843.734009,1834.884888
24-01-2022,1.000426,1.007082,0.82769,1.000685,0.895478,1.000305,1.000439,1848.915527,1843.47168
25-01-2022,1.00037,1.000608,0.848877,1.000375,0.937961,1.000429,1.000604,1860.280396,1850.218506
26-01-2022,1.000326,0.999646,0.873635,1.000789,0.497845,0.999935,1.00063,1838.990601,1822.067017
27-01-2022,0.996486,1.002788,0.871262,1.000389,0.488528,0.999776,1.000344,1811.380005,1801.437988
28-01-2022,0.995149,0.999704,0.901551,1.000286,0.550108,0.999651,1.000345,1798.825684,1790.889893
29-01-2022,1.000395,0.998833,0.94497,1.000015,0.966468,1.000395,1.000362,1800.191772,1791.487061
30-01-2022,0.999787,0.998953,0.945111,0.999814,0.605307,1.000065,1.000341,1799.668701,1788.981567
31-01-2022,0.998031,0.99782,0.948579,1.00017,0.605471,0.999539,1.000485,1806.449585,1803.340576
01-02-2022,1.002537,1.001078,0.971883,1.000217,0.605358,0.999683,1.000426,1808.416748,1802.980713
02-02-2022,1.000936,0.998243,0.98062,0.999836,0.889459,0.999967,1.00038,1813.202026,1807.894287
03-02-2022,0.999244,0.999745,0.97255,1.000262,0.830187,1.000231,1.000386,1813.848511,1809.445923
04-02-2022,1.001236,1.00165,1.214509,1.000371,0.566259,0.999533,1.000563,1818.55542,1813.351318
05-02-2022,1.00178,0.999812,1.217302,0.99946,0.836305,1.000117,1.000595,1818.000488,1808.85376
06-02-2022,1.00224,1.000777,1.117109,1.00062,0.906668,1.000357,1.000679,1817.729004,1809.700928
07-02-2022,1.0014,0.999522,1.091131,0.999929,0.936997,0.999022,1.000555,1824.659668,1808.88562
08-02-2022,1.000027,0.998511,1.075667,0.999626,0.892767,0.999171,1.000619,1830.749023,1812.880005
09-02-2022,0.999934,0.999046,1.107689,0.999854,0.918054,0.999587,1.000744,1839.468506,1821.697998
10-02-2022,1.002003,0.993996,1.016034,0.999063,0.898551,1.000103,1.000726,1834.20813,1811.499878
11-02-2022,1.002132,0.999099,0.901737,1.00014,0.953233,0.999368,1.000722,1870.147461,1830.885498
12-02-2022,1.002756,0.997952,0.927472,0.99992,0.940791,1.000177,1.000601,1874.189941,1854.665771
13-02-2022,1.001696,0.998595,0.931579,0.999373,0.940763,0.999983,1.000456,1883.418335,1856.962769
14-02-2022,1.001652,1.002379,0.947025,0.999734,0.940275,0.999365,1.000513,1882.347412,1869.056274
15-02-2022,0.999683,0.999542,1.042743,1.000105,0.849278,0.999571,1.000585,1858.87793,1854.272339
16-02-2022,0.99931,0.998821,1.020746,0.999148,1.021148,0.999776,1.000397,1877.211914,1866.406616
17-02-2022,1.001179,0.998536,0.965702,0.999069,0.908305,0.999402,1.000515,1916.026001,1897.43103
18-02-2022,1.004165,0.999688,0.956649,0.999494,0.592708,0.999771,1.000559,1914.976563,1896.790161
19-02-2022,1.003731,1.001203,0.965266,0.999749,0.939756,0.99987,1.000576,1915.845459,1897.979248
20-02-2022,1.000369,1.000152,0.913729,0.999366,0.932948,1.000003,1.000408,1935.629395,1904.592285
21-02-2022,1.002005,0.994072,0.882459,0.999251,0.968018,0.999335,1.000502,1952.762085,1908.713501
22-02-2022,1.00471,1.002446,0.928637,1.00013,1.004139,1.000045,1.000704,1909.236694,1906.341309
23-02-2022,1.004347,0.999734,0.899442,0.999463,0.913609,0.999513,1.000498,1921.450073,1919.470337
24-02-2022,1.000794,1.002183,0.912712,1.000246,0.984705,0.999963,1.000636,1934.810913,1910.181152
25-02-2022,1.003468,0.999462,0.969146,0.999653,1.016177,0.999943,1.000474,1897.698364,1892.806641
26-02-2022,1.00376,0.999653,0.950717,1.000192,1.006929,0.999992,1.000397,1889.610718,1890.463257
27-02-2022,1.003914,0.998514,0.951733,0.999489,0.980664,0.999722,1.000491,1914.87915,1913.562622
28-02-2022,1.003342,1.000124,1.035272,1.0003,1.051937,0.999853,1.000351,1896.833374,1906.603149
01-03-2022,1.00287,0.999901,1.075433,1.000062,1.052019,0.999814,1.000452,1933.066528,1944.391602
02-03-2022,1.003393,0.998305,1.058163,0.999636,1.040148,0.999569,1.000467,1923.682007,1929.460327
03-03-2022,1.004904,1.002205,0.95952,0.999828,1.020342,0.999934,1.000017,1934.783203,1936.831787
04-03-2022,1.006176,0.998794,0.916913,0.999719,0.965969,0.999841,1.000197,1970.306763,1973.679688
05-03-2022,1.006557,1.000141,0.928307,1.000046,0.976961,0.999371,1.000275,1973.535767,1972.288818
06-03-2022,1.003803,0.996181,0.91636,0.999439,0.867243,0.999851,1.000244,1993.025513,1991.112793
07-03-2022,0.998507,0.998627,0.905555,0.999825,0.910609,0.999134,1.000123,2005.298096,2005.59314
08-03-2022,1.003607,0.99835,0.911159,1.000307,0.926459,1.00026,1.000282,2055.900635,2050.015381
09-03-2022,1.00519,0.998066,0.966793,1.000205,0.966842,1.00045,1.000294,1993.776855,1993.699463
10-03-2022,1.005016,0.999331,0.935991,1.000141,0.945734,0.999801,1.000565,2001.53479,1994.700317
11-03-2022,1.003984,0.996751,0.927076,0.999464,0.912369,0.999341,1.0002,1987.044067,1990.958862
12-03-2022,1.002928,1.000273,0.93836,0.999806,0.943778,0.999538,1.000081,1992.044556,1988.498169
13-03-2022,1.002941,0.995428,0.937846,0.999497,0.923665,0.999965,1.000199,1986.010986,1981.012695
14-03-2022,1.004019,1.001588,0.945534,1.000674,0.946053,1.000288,1.000219,1960.924683,1951.032104
15-03-2022,1.003193,0.997033,0.968287,0.999577,0.94892,0.999367,1.000334,1926.214844,1921.249268
16-03-2022,1.003447,0.999548,1.11864,0.999796,0.981708,0.999896,1.000435,1935.588989,1922.950684
17-03-2022,1.003742,0.999496,1.061567,0.9996,1.011448,0.999784,1.0005,1949.947754,1942.899536
18-03-2022,1.003228,1.000213,1.056216,0.999838,1.032832,0.999848,1.000483,1923.830933,1928.114868
19-03-2022,1.003937,0.997608,1.077237,0.999618,0.938302,0.999748,1.00051,1918.906494,1923.927246
20-03-2022,1.003757,0.997941,1.057847,0.99926,0.957357,0.999932,1.000427,1922.821411,1920.603882
21-03-2022,1.001254,0.998756,1.110558,0.999001,0.979891,0.999828,1.000347,1937.536255,1936.396851
22-03-2022,1.001855,0.997225,1.070775,0.999035,0.946993,0.999904,1.000337,1919.909302,1921.690918
23-03-2022,1.000929,1.000918,1.060906,0.999834,0.954137,0.999953,1.000409,1947.290649,1944.634521
24-03-2022,0.999877,0.999627,1.092851,0.999556,1.018191,0.999705,1.0006,1955.869263,1958.729858
25-03-2022,1.001858,0.997242,1.08538,0.999242,1.015128,0.999153,1.000406,1957.964966,1957.193359
26-03-2022,1.000242,0.999233,1.065651,0.999933,1.032955,0.999892,1.000361,1964.426636,1960.140991
27-03-2022,0.99933,1.000928,1.119671,0.99997,1.072723,1.000039,1.000376,1953.050293,1956.674805
28-03-2022,0.999021,0.9984,1.16323,0.999213,1.098639,1.000126,1.000412,1925.259155,1925.117798
29-03-2022,1.00023,0.999256,1.170217,0.999763,1.108642,0.999996,1.00045,1919.106445,1917.69043
30-03-2022,1.0017,0.99908,1.172479,0.999636,0.914053,0.999431,1.000278,1930.069946,1930.944458
31-03-2022,1.001255,0.998019,1.091564,0.999833,0.884494,0.999447,1.000304,1934.363647,1936.049316
01-04-2022,1.002015,1.000294,1.110563,1.000303,1.041461,0.999994,1.000358,1923.264282,1925.081299
02-04-2022,1.000088,0.999094,1.11307,0.998993,1.031531,0.999344,1.000344,1921.917847,1923.925171
03-04-2022,0.999955,0.999319,1.059794,0.999479,1.045666,1.000094,1.000273,1923.289307,1923.173218
04-04-2022,1.000501,1.001866,1.065234,0.999941,1.050919,1.000122,1.000228,1931.587036,1931.823975
05-04-2022,0.998399,0.996049,1.1035,0.999107,1.023093,0.999696,1.000194,1920.643433,1924.353638
06-04-2022,1.000311,0.996423,1.014465,0.999493,0.86633,0.999585,1.000155,1922.102539,1926.024414
07-04-2022,1.000122,1.000296,0.99459,0.99969,0.909108,1.000037,1.000262,1930.364258,1929.291626
08-04-2022,1.000191,0.998812,1.008941,0.999388,1.119521,0.999741,1.000288,1945.397339,1942.139771
09-04-2022,1.000306,1.001384,1.029108,1.000359,0.990079,1.000084,1.000372,1949.114624,1941.368042
10-04-2022,1.000138,0.997348,1.07987,0.99944,0.978436,0.999626,1.000292,1943.121338,1941.108765
11-04-2022,1.000339,0.998935,1.053651,0.998874,0.89609,0.999732,1.000348,1953.721069,1950.468506
12-04-2022,1.000474,1.000048,1.084576,1.000235,0.948703,0.999865,1.000435,1968.841431,1967.41394
13-04-2022,1.000889,0.998154,1.067521,1.00017,0.987623,0.999745,1.000275,1981.063477,1975.746216
14-04-2022,1.000943,1.000646,1.072833,1.000093,0.971031,0.999839,1.000127,1975.895752,1971.040405
15-04-2022,1.001586,0.999263,1.083014,1.000002,1.037342,0.999753,1.000239,1981.219238,1971.834961
16-04-2022,1.002428,0.999072,1.074748,0.9997,1.01524,1.000226,1.000296,1980.134888,1973.798462
17-04-2022,1.001398,0.997953,1.07411,0.99974,1.022675,0.999259,1.000314,1986.313477,1984.752563
18-04-2022,1.002458,0.999371,1.097327,0.999881,1.043797,0.999873,1.000218,1979.894409,1979.381836
19-04-2022,1.002058,1.000534,1.131197,0.999912,1.024449,0.999897,1.000343,1955.123657,1952.273193
20-04-2022,1.0032,1.002378,1.145647,0.999646,1.032833,0.999847,1.000202,1962.889771,1953.867188
21-04-2022,1.002194,0.999015,1.156725,0.999611,0.845201,1.000282,1.000157,1959.189453,1950.546631
22-04-2022,1.001152,1.001466,1.185996,0.999769,0.947056,1.000199,1.000234,1937.474854,1938.859497
23-04-2022,1.002128,0.99787,1.212387,0.998903,0.93514,1.000004,1.000228,1934.819702,1937.678833
24-04-2022,1.001372,0.997548,1.194775,0.999387,0.925109,0.999963,1.000344,1935.546021,1934.814819
25-04-2022,1.001683,1.000443,1.189583,0.999883,0.938348,1.000218,1.000145,1907.797729,1905.00647
26-04-2022,1.00051,0.994612,1.135537,0.999971,0.890947,1.000127,1.000073,1908.039185,1905.574341
27-04-2022,1.002087,1.000932,1.178551,0.999791,0.910775,1.000321,1.000153,1894.254761,1892.753174
28-04-2022,1.001751,0.995523,1.213141,0.999669,0.922589,1.000029,1.000191,1900.843994,1895.33313
29-04-2022,1.000974,0.997109,1.142399,0.999829,0.902586,1.000023,1.00002,1904.972778,1901.013306
30-04-2022,0.999567,0.994387,1.03461,0.999616,0.856307,1.000295,1.000155,1901.595947,1894.948364
01-05-2022,1.001649,0.998298,1.031269,1.000405,0.878583,1.000381,1.000113,1904.331421,1901.478027
02-05-2022,1.0014,0.997274,1.045887,0.999271,0.863006,1.00006,0.999955,1869.732788,1870.737549
03-05-2022,1.000244,0.997341,1.037866,0.999963,0.850314,1.000119,1.000045,1871.64624,1870.295044
04-05-2022,0.999365,0.998631,1.071231,1.000207,0.893066,1.000077,1.000038,1889.063232,1889.761719
05-05-2022,0.999546,0.994487,1.03916,0.999752,0.840177,0.999958,0.999988,1878.257202,1876.186646
06-05-2022,0.999624,0.99875,1.064762,1.000062,0.876673,1.000072,0.999982,1885.41748,1881.807739
07-05-2022,0.996868,0.998849,1.052643,0.999531,0.841218,0.999906,0.999921,1887.622925,1882.498779
08-05-2022,0.996401,0.996613,1.041256,0.999565,0.82434,1.000087,0.999854,1884.979126,1879.503418
09-05-2022,0.793393,0.994343,1.015915,0.998339,0.806843,0.999595,0.999909,1851.635132,1851.029541
10-05-2022,0.799919,0.996169,1.106452,0.99992,0.979858,0.999828,0.999791,1836.51709,1835.964844
11-05-2022,0.801137,0.998104,0.973166,1.001274,0.897768,1.000766,0.995872,1858.143677,1850.245117
12-05-2022,0.408584,1.000185,0.853235,1.001055,0.996213,1.000659,0.997609,1836.147461,1821.019653
13-05-2022,0.154002,0.994231,0.881875,0.999711,0.941002,1.000347,0.998239,1809.033447,1805.471436
14-05-2022,0.196442,1.001673,0.893485,1.001532,0.95431,1.000381,0.99878,1811.555542,1808.456909
15-05-2022,0.176657,1.000582,0.931291,1.000813,0.944383,1.000183,0.999069,1811.131226,1810.711548
16-05-2022,0.126434,0.997051,0.909779,0.999707,0.98692,1.000581,0.998779,1825.412231,1826.544922
17-05-2022,0.130309,1.001698,0.917387,1.000615,1.002191,1.000219,0.998909,1819.471069,1815.541138
18-05-2022,0.090961,0.997258,0.892859,0.999041,0.957581,0.999771,0.998802,1816.976685,1815.631226
19-05-2022,0.076013,0.998268,0.911263,1.001178,0.952608,1.000269,0.998971,1852.999756,1846.547974
20-05-2022,0.066265,0.996324,0.899115,0.999959,0.848127,0.999907,0.998818,1852.856079,1839.567505
21-05-2022,0.056482,0.997721,0.895789,1.000745,0.950713,1.000266,0.998793,1853.769165,1844.65979
22-05-2022,0.06429,1.004681,0.90743,1.001013,0.96198,1.000092,0.999066,1852.485229,1849.313599
23-05-2022,0.07137,0.996856,0.898448,0.999797,0.935242,1.000141,0.999088,1854.969482,1849.938354
24-05-2022,0.070003,1.00108,0.896447,1.000771,0.950919,1.000179,0.999107,1870.304688,1863.664673
25-05-2022,0.094631,0.998721,0.898279,0.999617,0.925097,0.999821,0.998976,1857.5,1852.077637
26-05-2022,0.063919,0.996908,0.916775,0.999687,0.908299,0.99993,0.998907,1850.585693,1848.301025
27-05-2022,0.034802,0.996983,0.881985,0.999491,0.909731,1.000403,0.998863,1854.062012,1854.350952
28-05-2022,0.028786,1.001323,0.894549,1.000566,0.885794,1.00015,0.999002,1855.692749,1855.437134
29-05-2022,0.026768,1.000549,0.912401,1.000716,0.898024,1.000586,0.999178,1851.87854,1861.370972
30-05-2022,0.025113,1.001,0.956141,1.000299,0.951801,1.000099,0.999376,1857.577026,1862.893677
31-05-2022,0.021439,0.995456,0.949783,1.000303,0.863353,1.00021,0.999388,1838.105957,1843.118408
01-06-2022,0.016059,0.997647,0.95997,1.000381,0.954587,1.00013,0.99926,1850.57312,1850.042725
02-06-2022,0.01994,0.998777,0.986105,1.000056,0.96148,1.000224,0.999317,1871.145874,1875.312622
03-06-2022,0.019335,0.997577,0.964275,0.999866,0.935801,1.000143,0.99917,1855.750732,1852.282349
04-06-2022,0.018234,0.997971,0.989064,1.000344,0.940082,1.000243,0.999313,1860.404419,1849.404541
05-06-2022,0.015896,0.998976,1.043553,1.000063,0.936827,1.000144,0.999296,1857.887573,1846.515747
06-06-2022,0.015801,0.996442,1.038193,0.999873,0.956227,1.000082,0.999311,1845.455688,1839.409424
07-06-2022,0.013431,1.001331,1.018711,0.999936,0.945989,1.000103,0.999414,1855.936401,1854.159302
08-06-2022,0.009796,0.997387,1.129097,1.00004,0.932615,1.000218,0.999262,1855.543335,1854.17395
09-06-2022,0.011466,0.998898,1.059819,1.0002,0.928603,1.000244,0.999314,1847.127808,1847.805664
10-06-2022,0.009699,0.992311,1.014911,0.999379,0.928809,1.000063,0.99918,1873.052246,1870.480835
11-06-2022,0.00872,0.997901,0.978333,0.999764,0.864795,1.00009,0.999025,1880.163696,1874.438599
12-06-2022,0.009822,0.997823,0.950745,0.999897,0.860765,1.000049,0.99908,1882.606079,1873.431152
13-06-2022,0.008378,0.999545,0.810064,1.000766,0.831986,1.000434,0.998594,1826.766968,1820.821655
14-06-2022,0.008099,0.999125,0.864315,1.000402,0.790793,1.000728,0.998954,1815.40918,1823.230835
15-06-2022,0.007789,1.003657,0.836543,1.000978,0.922368,1.000704,0.998942,1838.349609,1837.901978
16-06-2022,0.006929,0.998161,0.765694,1.00012,0.769972,1.000368,0.99893,1858.127075,1853.863647
17-06-2022,0.007289,0.998472,0.809817,1.000394,0.79354,1.000208,0.999036,1842.154663,1840.825928
18-06-2022,0.00654,1.001759,0.739539,1.001194,0.761872,1.000315,0.998667,1826.274902,1841.646362
19-06-2022,0.008107,1.000668,0.831967,1.000065,0.755673,1.000404,0.998969,1842.924438,1839.824463
20-06-2022,0.008227,0.999271,0.796127,1.000699,0.755095,1.000152,0.998957,1846.912842,1837.993896
21-06-2022,0.008307,0.997126,0.794533,0.999842,0.806269,0.999943,0.999094,1835.442139,1832.416626
22-06-2022,0.008151,0.997386,0.801138,0.999111,0.783775,1.000108,0.999095,1841.505005,1836.779175
23-06-2022,0.008526,1.000421,0.841391,1.000558,0.813291,1.000539,0.99928,1828.680054,1826.047485
24-06-2022,0.013826,0.998484,0.883216,1.000387,1.005715,0.999864,0.999325,1824.953857,1827.290405
25-06-2022,0.009738,0.999765,0.88502,1.000897,0.878275,1.000104,0.999548,1824.493042,1832.304199
26-06-2022,0.023181,0.997706,0.870409,0.999604,0.865234,0.999813,0.999398,1830.399658,1835.387451
27-06-2022,0.020435,0.998208,0.869948,0.999235,0.726662,1.000166,0.999092,1828.347534,1826.436157
28-06-2022,0.042161,0.994871,1.01549,0.999891,0.786773,1.00014,0.998832,1822.885864,1825.504517
29-06-2022,0.081099,0.998362,0.93617,1.000348,0.726426,1.000365,0.998884,1823.15332,1825.210815
30-06-2022,0.046814,0.999047,0.915896,1.000163,0.836956,0.999914,0.998819,1814.808228,1821.880981
01-07-2022,0.063527,0.999376,0.944725,0.99997,0.752247,1.000177,0.998867,1807.823608,1842.16748
02-07-2022,0.056614,0.998327,0.985095,1.000124,0.759943,0.999971,0.99896,1812.982056,1817.069214
03-07-2022,0.065605,0.998316,0.988335,1.000218,0.77883,1.000372,0.999078,1812.249878,1813.959351
04-07-2022,0.064531,1.002749,1.067694,1.000788,0.7833,1.000306,0.999109,1813.07312,1815.563965
05-07-2022,0.057077,1.000912,1.068161,0.999877,0.777813,1.000053,0.999092,1770.947266,1799.939697
06-07-2022,0.0516,1.001016,1.097018,1.000698,0.792756,0.999879,0.999098,1743.622681,1774.86853
07-07-2022,0.052617,1.001708,1.241765,1.00043,0.779115,1.000092,0.999446,1744.089478,1744.491089
08-07-2022,0.050032,0.998878,1.172022,0.999591,0.764567,0.999778,0.999418,1744.218872,1744.095337
09-07-2022,0.048752,0.999922,1.14784,0.999736,0.770817,1.000046,0.999538,1739.738647,1745.241577
10-07-2022,0.051181,0.998918,1.090583,0.999509,0.712046,1.000029,0.999465,1743.069336,1747.656738
11-07-2022,0.047703,0.99762,0.996533,0.99948,0.714448,1.000169,0.999225,1733.929932,1733.027832
12-07-2022,0.04186,0.997534,0.973487,0.999197,0.653515,0.999853,0.999343,1726.21582,1729.771973
13-07-2022,0.03959,1.000374,1.038232,1.000994,0.719409,1.000047,0.999384,1736.992554,1739.221558
14-07-2022,0.03579,1.000506,1.100383,0.99979,0.73292,0.999997,0.999407,1714.470459,1717.482666
15-07-2022,0.050096,1.000603,1.079479,0.999974,0.80833,0.999963,0.999706,1705.360718,1717.922974
16-07-2022,0.043344,1.000129,1.120473,0.99996,0.904042,1.000151,0.999774,1699.880249,1725.680542
17-07-2022,0.043255,0.998233,1.105042,0.999343,0.799285,1.000249,0.999734,1705.802124,1716.431885
18-07-2022,0.044878,1.001387,1.199615,1.000577,0.811849,1.000078,0.999777,1707.932251,1717.799805
19-07-2022,0.043001,0.998281,1.170525,1.000123,0.812782,0.999893,1.000092,1706.46936,1717.215454
20-07-2022,0.039227,0.999853,1.147174,0.999148,0.849552,0.999913,1.000068,1697.112671,1695.302612
21-07-2022,0.03984,0.999914,1.160139,0.999996,0.835143,1.000082,1.00008,1716.708008,1720.170776
22-07-2022,0.038038,0.999263,1.144539,0.999949,0.79043,1.000017,1.000052,1728.111816,1723.779419
23-07-2022,0.03793,0.99943,1.151729,1.000155,0.735053,1.000014,1.000036,1726.191406,1728.000977
24-07-2022,0.037174,0.999714,1.151045,0.999787,0.795023,1.000084,1.000035,1724.220459,1727.784912
25-07-2022,0.034999,0.997107,1.084715,0.999345,0.785141,0.999742,1.000062,1717.254883,1717.685791
26-07-2022,0.035291,0.999603,1.058496,1.00057,0.793239,1.000142,1.000047,1719.162842,1721.043701
27-07-2022,0.036755,1.000524,1.079918,0.999962,0.856384,1.000115,1.000274,1736.020996,1738.043701
28-07-2022,0.037267,0.999233,1.084284,0.999021,0.823862,1.000022,1.0002,1749.390503,1745.402222
29-07-2022,0.035667,0.998657,1.245973,0.99912,0.752192,0.999678,1.000311,1764.184937,1756.941772
30-07-2022,0.035226,0.997734,1.711005,0.999369,0.843101,0.999866,1.000289,1764.895996,1763.293945
31-07-2022,0.034957,0.998437,1.360235,0.999101,0.767336,0.999797,1.000328,1762.634033,1753.765991
01-08-2022,0.035962,1.000515,1.223479,1.000067,0.780451,0.999837,1.000204,1771.241943,1764.66394
02-08-2022,0.034228,0.998128,1.28095,0.999674,0.762086,0.999934,1.000159,1752.777466,1749.760132
03-08-2022,0.033535,1.000353,1.2272,0.999664,0.757581,1.000032,1.000204,1759.644897,1756.352051
04-08-2022,0.033406,1.00054,1.209195,1.000171,0.759504,1.000036,1.000133,1789.282104,1781.435425
05-08-2022,0.03369,1.000996,1.334429,1.000418,0.786331,1.000088,1.000042,1774.188843,1766.196167
06-08-2022,0.033527,0.996755,1.361019,0.999405,0.762555,0.999706,1.000125,1768.03186,1767.505859
07-08-2022,0.032309,0.998235,1.454027,0.999115,0.778925,0.999919,1.000144,1768.762573,1769.553345
08-08-2022,0.031431,0.998035,1.685766,0.999726,0.791109,1.000066,1.000177,1781.543091,1781.4823
09-08-2022,0.029809,1.000242,1.426029,1.000371,0.766581,0.999798,1.000209,1790.553955,1787.430542
10-08-2022,0.02972,0.999633,1.553331,1.000272,0.802857,1.000135,1.000253,1786.353149,1788.65686
11-08-2022,0.028883,0.997321,1.61188,0.999554,0.815813,0.999914,1.000406,1780.435181,1783.116821
12-08-2022,0.029101,0.999513,1.749024,0.999746,0.860099,1.000067,1.000336,1795.796753,1786.932251
13-08-2022,0.027813,0.999483,2.048298,0.99961,0.858835,0.999952,1.000376,1793.904175,1790.792603
14-08-2022,0.028555,0.996545,1.631101,0.999426,0.84036,0.999848,1.000271,1793.109619,1792.629028
15-08-2022,0.026214,0.998231,1.494472,0.999564,0.84276,0.999949,1.000174,1775.959106,1775.09082
16-08-2022,0.025994,0.997823,1.388315,0.999846,0.847411,1.000061,1.000115,1771.848145,1770.260864
17-08-2022,0.024473,1.00059,1.320002,0.999447,0.865237,0.999955,1.000073,1756.920166,1760.366333
18-08-2022,0.02661,0.995106,1.399858,0.99866,0.840441,0.999907,0.999999,1750.938232,1750.992065
19-08-2022,0.022414,0.996301,1.040098,0.998929,0.830769,1.000028,1.00006,1740.49292,1741.472046
20-08-2022,0.022395,1.001648,0.946992,1.000619,0.801953,1.000211,0.999974,1739.674194,1741.934326
21-08-2022,0.022619,0.999744,1.04015,0.999731,0.841587,1.000141,0.999994,1739.81189,1740.723755
22-08-2022,0.022924,1.002866,1.00857,1.000294,0.920706,1.000138,0.999984,1732.180786,1730.635132
23-08-2022,0.030447,0.995771,1.06446,0.999896,0.846323,0.999982,0.999992,1745.68335,1740.616699
24-08-2022,0.026682,1.000982,1.074051,0.999498,0.839457,0.999861,1.000039,1745.525391,1745.51416
25-08-2022,0.030341,1.000371,1.04197,1.000224,0.835184,0.99996,1.00008,1751.880737,1750.734375
26-08-2022,0.02543,0.996937,0.922293,0.99935,0.782012,0.999974,1.000043,1731.153198,1731.477295
27-08-2022,0.025501,0.999546,0.878496,1.000157,0.780579,1.000009,1.000019,1729.585327,1730.841431
28-08-2022,0.024228,0.997269,0.870715,0.998702,0.817014,1.000031,1.000028,1725.064209,1730.62793
29-08-2022,0.026842,1.001829,0.940104,0.999918,0.777014,0.999967,1.000032,1730.67749,1730.013794
30-08-2022,0.026023,0.99838,0.889583,0.999091,0.718357,1.000006,1.000081,1715.31311,1719.078491
31-08-2022,0.030689,0.999459,0.903661,0.99964,0.717089,1.000028,1.000016,1704.783081,1704.769287
01-09-2022,0.037112,0.999318,0.913574,0.999817,0.870961,0.999976,1.00001,1691.651001,1693.639771
02-09-2022,0.030991,0.999919,0.879374,1.000191,0.843061,1.000101,1.000089,1704.184448,1709.805298
03-09-2022,0.0319,0.999258,0.90234,1.000229,0.835487,1.000126,1.000074,1706.80603,1710.364258
04-09-2022,0.030122,1.00049,0.953815,1.00027,0.829905,1.000107,1.000061,1706.487427,1707.404175
05-09-2022,0.037928,0.999048,0.991816,1.000184,0.809432,0.999882,1.000038,1707.600708,1710.073975
06-09-2022,0.041179,0.99451,0.947712,0.998561,0.811464,0.999878,1.000049,1693.656128,1701.074951
07-09-2022,0.042183,1.000737,0.950451,1.000292,0.832525,0.999993,1.000109,1709.45105,1714.966797
08-09-2022,0.042947,0.999819,0.96282,1.000103,0.801791,0.999914,1.000102,1703.200317,1705.364868
09-09-2022,0.060169,1.000357,1.061041,0.999987,0.825859,0.999945,1.000235,1710.691528,1706.421997
10-09-2022,0.060937,0.995626,1.145891,0.999716,0.830322,0.999863,1.000281,1713.636841,1710.679688
11-09-2022,0.05174,0.998513,1.290765,1.000197,0.829218,0.999951,1.000276,1716.140625,1711.581421
12-09-2022,0.042265,0.996422,1.262835,0.999759,0.840646,1.000011,1.000204,1718.550781,1721.703613
13-09-2022,0.04528,0.993065,1.052447,0.99975,0.811511,1.000114,1.000025,1694.663208,1699.145142
14-09-2022,0.037527,0.999861,1.080496,1.000117,0.773122,1.00004,1.000142,1689.633545,1693.071289
15-09-2022,0.031629,0.994407,0.997911,0.999694,0.715104,1.000162,1.000003,1654.909912,1657.853638
16-09-2022,0.034923,0.99738,0.954502,1.000118,0.835647,1.000118,0.999981,1666.780762,1667.020508
17-09-2022,0.033084,1.00078,0.996561,1.000157,0.834788,1.000032,1.000098,1668.081787,1668.540649
18-09-2022,0.029254,0.996415,0.956557,0.999366,0.849264,1.000077,1.000023,1668.536865,1673.979004
19-09-2022,0.035031,0.996501,0.983801,0.999347,0.803817,0.999873,1.000106,1665.839233,1669.78894
20-09-2022,0.033839,0.998144,0.956079,0.999452,0.777499,0.999948,1.00006,1657.122803,1667.54834
21-09-2022,0.032694,0.998932,0.935788,1.000049,0.80039,1.000113,1.000086,1662.517944,1667.272461
22-09-2022,0.032299,0.999626,1.000174,0.999686,0.956664,0.99992,0.999984,1665.660278,1667.912476
23-09-2022,0.030842,1.001747,1.069298,1.000125,0.902418,0.999993,0.999981,1637.920288,1645.266113
24-09-2022,0.030109,0.99722,1.088502,0.999554,0.872979,0.999973,1.00005,1637.621582,1643.544067
25-09-2022,0.028321,0.997844,1.158433,0.999827,0.864645,0.999968,1.000055,1634.865845,1643.876709
26-09-2022,0.033281,0.993318,1.170409,0.999868,0.895347,1.000165,0.99999,1619.209106,1626.883545
27-09-2022,0.03127,0.992912,1.095596,0.999813,0.882125,1.000123,0.99998,1621.632813,1629.180786
28-09-2022,0.031109,0.993726,1.155449,0.999388,0.893674,1.000011,0.999976,1648.62793,1654.32959
29-09-2022,0.030579,0.993518,1.145941,1.000085,0.910731,1.000124,1.000079,1656.146729,1660.748535
30-09-2022,0.031965,0.991634,1.165521,0.999818,0.88888,1.000066,1.000049,1655.731689,1660.823853
